index,Best Performance
0,0.09
1,0.09
2,0.26
3,0.12
4,0.12
5,0.14
6,0.13
7,0.07
8,0.2
9,0.13
10,0.23
11,0.15
12,0.5
13,0.17
14,0.15
15,0.11
16,0.09
17,0.06
18,0.24
19,0.21
20,0.3
21,0.14
22,0.13
23,0.14
24,0.14
25,0.08
26,0.19
27,0.15
28,0.08
29,0.25
30,0.04
31,0.29
32,0.09
33,0.13
34,0.22
35,0.13
36,0.09
37,0.34
38,0.2
39,0.11
40,0.19
41,0.19
42,0.04
43,0.14
44,0.14
45,0.07
46,0.08
47,0.12
48,0.23
49,0.12
50,0.14
51,0.15
52,0.23
53,0.13
54,0.15
55,0.12
56,0.07
57,0.13
58,0.21
59,0.03
60,0.18
61,0.06
62,0.19
63,0.08
64,0.03
65,0.18
66,0.15
67,0.15
68,0.23
69,0.27
70,0.13
71,0.12
72,0.19
73,0.14
74,0.09
75,0.19
76,0.19
77,0.11
78,0.18
79,0.07
80,0.08
81,0.09
82,0.15
83,0.17
84,0.19
85,0.13
86,0.17
87,0.12
88,0.2
89,0.1
90,0.22
91,0.25
92,0.05
93,0.06
94,0.24
95,0.3
96,0.26
97,0.13
98,0.13
99,0.18
100,0.16
101,0.14
102,0.32
103,0.1
104,0.31
105,0.08
106,0.11
107,0.18
108,0.17
109,0.14
110,0.12
111,0.25
112,0.1
113,0.03
114,0.09
115,0.16
116,0.07
117,0.12
118,0.08
119,0.06
120,0.15
121,0.22
122,0.12
123,0.11
124,0.06
125,0.11
126,0.26
127,0.1
128,0.18
129,0.28
130,0.06
131,0.08
132,0.15
133,0.06
134,0.11
135,0.13
136,0.11
137,0.1
138,0.18
139,0.11
140,0.21
141,0.11
142,0.13
143,0.1
144,0.03
145,0.3
146,0.18
147,0.05
148,0.14
149,0.08
150,0.08
151,0.11
152,0.15
153,0.07
154,0.02
155,0.14
156,0.22
157,0.08
158,0.28
159,0.28
160,0.19
161,0.16
162,0.09
163,0.19
164,0.06
165,0.04
166,0.23
167,0.08
168,0.18
169,0.2
170,0.22
171,0.03
172,0.24
173,0.08
174,0.14
175,0.07
176,0.18
177,0.1
178,0.24
179,0.08
180,0.16
181,0.0
182,0.07
183,0.04
184,0.13
185,0.07
186,0.22
187,0.12
188,0.17
189,0.04
190,0.1
191,0.25
192,0.04
193,0.1
194,0.2
195,0.02
196,0.15
197,0.25
198,0.13
199,0.04
200,0.19
201,0.18
202,0.08
203,0.27
204,0.14
205,0.34
206,0.42
207,0.17
208,0.08
209,0.15
210,0.07
211,0.19
212,0.24
213,0.02
214,0.26
215,0.1
216,0.04
217,0.12
218,0.08
219,0.21
220,0.16
221,0.21
222,0.12
223,0.16
224,0.21
225,0.23
226,0.15
227,0.13
228,0.07
229,0.12
230,0.17
231,0.08
232,0.18
233,0.18
234,0.14
235,0.14
236,0.15
237,0.23
238,0.21
239,0.12
240,0.04
241,0.09
242,0.14
243,0.15
244,0.05
245,0.09
246,0.21
247,0.12
248,0.08
249,0.21
250,0.1
251,0.07
252,0.11
253,0.09
254,0.16
255,0.14
256,0.13
257,0.14
258,0.19
259,0.1
260,0.14
261,0.21
262,0.17
263,0.09
264,0.1
265,0.1
266,0.22
267,0.19
268,0.19
269,0.15
270,0.12
271,0.07
272,0.31
273,0.2
274,0.14
275,0.17
276,0.1
277,0.08
278,0.17
279,0.22
280,0.13
281,0.26
282,0.08
283,0.13
284,0.24
285,0.15
286,0.14
287,0.07
288,0.04
289,0.03
290,0.25
291,0.17
292,0.17
293,0.14
294,0.14
295,0.16
296,0.18
297,0.29
298,0.04
299,0.12
300,0.12
301,0.2
302,0.15
303,0.22
304,0.13
305,0.16
306,0.14
307,0.04
308,0.3
309,0.2
310,0.17
311,0.28
312,0.12
313,0.11
314,0.18
315,0.11
316,0.08
317,0.05
318,0.18
319,0.05
320,0.19
321,0.07
322,0.11
323,0.12
324,0.08
325,0.12
326,0.11
327,0.17
328,0.18
329,0.07
330,0.02
331,0.18
332,0.15
333,0.21
334,0.08
335,0.1
336,0.13
337,0.12
338,0.46
339,0.16
340,0.17
341,0.23
342,0.12
343,0.18
344,0.06
345,0.16
346,0.16
347,0.08
348,0.12
349,0.09
350,0.09
351,0.15
352,0.22
353,0.14
354,0.11
355,0.08
356,0.12
357,0.45
358,0.11
359,0.08
360,0.23
361,0.11
362,0.09
363,0.1
364,0.27
365,0.21
366,0.2
367,0.08
368,0.12
369,0.11
370,0.18
371,0.16
372,0.02
373,0.13
374,0.14
375,0.06
376,0.08
377,0.24
378,0.07
379,0.32
380,0.2
381,0.12
382,0.43
383,0.29
384,0.18
385,0.13
386,0.13
387,0.13
388,0.12
389,0.19
390,0.06
391,0.23
392,0.08
393,0.19
394,0.16
395,0.26
396,0.18
397,0.14
398,0.13
399,0.13
400,0.16
401,0.1
402,0.18
403,0.11
404,0.22
405,0.14
406,0.21
407,0.11
408,0.05
409,0.11
410,0.12
411,0.22
412,0.22
413,0.14
414,0.04
415,0.17
416,0.17
417,0.19
418,0.09
419,0.23
420,0.24
421,0.06
422,0.05
423,0.14
424,0.1
425,0.17
426,0.22
427,0.24
428,0.19
429,0.15
430,0.16
431,0.3
432,0.02
433,0.08
434,0.24
435,0.19
436,0.14
437,0.16
438,0.2
439,0.13
440,0.23
441,0.08
442,0.07
443,0.14
444,0.06
445,0.02
446,0.3
447,0.13
448,0.06
449,0.09
450,0.23
451,0.2
452,0.1
453,0.19
454,0.15
455,0.12
456,0.16
457,0.19
458,0.05
459,0.16
460,0.04
461,0.14
462,0.17
463,0.11
464,0.08
465,0.12
466,0.03
467,0.1
468,0.36
469,0.11
470,0.2
471,0.15
472,0.2
473,0.14
474,0.13
475,0.18
476,0.11
477,0.15
478,0.23
479,0.17
480,0.14
481,0.08
482,0.09
483,0.18
484,0.09
485,0.12
486,0.07
487,0.13
488,0.16
489,0.16
490,0.1
491,0.1
492,0.04
493,0.21
494,0.08
495,0.13
496,0.15
497,0.15
498,0.15
499,0.22
500,0.03
501,0.1
502,0.19
503,0.06
504,0.09
505,0.09
506,0.2
507,0.1
508,0.12
509,0.14
510,0.02
511,0.32
512,0.17
513,0.17
514,0.08
515,0.1
516,0.08
517,0.24
518,0.13
519,0.16
520,0.19
521,0.41
522,0.07
523,0.05
524,0.08
525,0.07
526,0.19
527,0.13
528,0.23
529,0.09
530,0.26
531,0.05
532,0.11
533,0.09
534,0.16
535,0.23
536,0.11
537,0.11
538,0.25
539,0.06
540,0.15
541,0.06
542,0.09
543,0.18
544,0.14
545,0.08
546,0.17
547,0.15
548,0.14
549,0.27
550,0.13
551,0.07
552,0.06
553,0.25
554,0.13
555,0.32
556,0.08
557,0.26
558,0.11
559,0.07
560,0.14
561,0.11
562,0.1
563,0.17
564,0.22
565,0.24
566,0.08
567,0.16
568,0.11
569,0.18
570,0.11
571,0.21
572,0.02
573,0.11
574,0.08
575,0.17
576,0.13
577,0.06
578,0.05
579,0.14
580,0.18
581,0.21
582,0.13
583,0.13
584,0.12
585,0.11
586,0.24
587,0.17
588,0.22
589,0.05
590,0.1
591,0.16
592,0.26
593,0.08
594,0.28
595,0.19
596,0.08
597,0.18
598,0.12
599,0.16
600,0.18
601,0.15
602,0.1
603,0.21
604,0.11
605,0.14
606,0.02
607,0.25
608,0.12
609,0.22
610,0.18
611,0.11
612,0.18
613,0.07
614,0.03
615,0.1
616,0.17
617,0.13
618,0.23
619,0.1
620,0.19
621,0.09
622,0.08
623,0.08
624,0.27
625,0.19
626,0.49
627,0.14
628,0.08
629,0.22
630,0.18
631,0.2
632,0.19
633,0.18
634,0.19
635,0.26
636,0.05
637,0.21
638,0.17
639,0.12
640,0.22
641,0.11
642,0.08
643,0.07
644,0.13
645,0.16
646,0.13
647,0.14
648,0.19
649,0.12
650,0.15
651,0.15
652,0.19
653,0.12
654,0.21
655,0.25
656,0.11
657,0.1
658,0.16
659,0.12
660,0.1
661,0.12
662,0.1
663,0.1
664,0.17
665,0.27
666,0.21
667,0.12
668,0.25
669,0.17
670,0.18
671,0.11
672,0.08
673,0.26
674,0.08
675,0.29
676,0.14
677,0.21
678,0.02
679,0.08
680,0.15
681,0.08
682,0.18
683,0.13
684,0.12
685,0.18
686,0.14
687,0.13
688,0.14
689,0.15
690,0.1
691,0.15
692,0.14
693,0.09
694,0.18
695,0.1
696,0.1
697,0.29
698,0.07
699,0.27
700,0.1
701,0.26
702,0.08
703,0.17
704,0.18
705,0.1
706,0.06
707,0.11
708,0.19
709,0.23
710,0.19
711,0.07
712,0.21
713,0.07
714,0.24
715,0.23
716,0.21
717,0.18
718,0.13
719,0.24
720,0.22
721,0.14
722,0.14
723,0.05
724,0.16
725,0.14
726,0.13
727,0.1
728,0.24
729,0.09
730,0.28
731,0.31
732,0.22
733,0.09
734,0.23
735,0.13
736,0.2
737,0.22
738,0.13
739,0.17
740,0.18
741,0.06
742,0.06
743,0.06
744,0.11
745,0.07
746,0.19
747,0.17
748,0.22
749,0.09
750,0.09
751,0.09
752,0.19
753,0.04
754,0.14
755,0.11
756,0.19
757,0.2
758,0.05
759,0.12
760,0.14
761,0.11
762,0.08
763,0.06
764,0.18
765,0.15
766,0.16
767,0.18
768,0.14
769,0.13
770,0.11
771,0.18
772,0.25
773,0.03
774,0.1
775,0.07
776,0.06
777,0.11
778,0.4
779,0.22
780,0.12
781,0.11
782,0.36
783,0.13
784,0.17
785,0.08
786,0.16
787,0.13
788,0.12
789,0.09
790,0.26
791,0.08
792,0.11
793,0.03
794,0.12
795,0.19
796,0.16
797,0.17
798,0.16
799,0.2
800,0.3
801,0.1
802,0.08
803,0.19
804,0.1
805,0.14
806,0.08
807,0.18
808,0.14
809,0.04
810,0.07
811,0.27
812,0.16
813,0.09
814,0.19
815,0.08
816,0.02
817,0.37
818,0.25
819,0.18
820,0.2
821,0.37
822,0.13
823,0.26
824,0.15
825,0.09
826,0.13
827,0.15
828,0.18
829,0.13
830,0.22
831,0.07
832,0.05
833,0.09
834,0.16
835,0.05
836,0.12
837,0.26
838,0.16
839,0.23
840,0.05
841,0.21
842,0.1
843,0.19
844,0.12
845,0.06
846,0.19
847,0.05
848,0.19
849,0.27
850,0.21
851,0.06
852,0.3
853,0.08
854,0.13
855,0.12
856,0.11
857,0.13
858,0.1
859,0.16
860,0.11
861,0.3
862,0.09
863,0.08
864,0.14
865,0.18
866,0.13
867,0.1
868,0.11
869,0.08
870,0.21
871,0.02
872,0.08
873,0.11
874,0.07
875,0.16
876,0.07
877,0.06
878,0.15
879,0.39
880,0.14
881,0.24
882,0.06
883,0.08
884,0.11
885,0.17
886,0.24
887,0.18
888,0.03
889,0.13
890,0.14
891,0.24
892,0.17
893,0.15
894,0.18
895,0.13
896,0.29
897,0.08
898,0.2
899,0.13
900,0.18
901,0.04
902,0.07
903,0.03
904,0.12
905,0.21
906,0.15
907,0.1
908,0.09
909,0.09
910,0.15
911,0.18
912,0.05
913,0.23
914,0.11
915,0.33
916,0.08
917,0.1
918,0.24
919,0.06
920,0.09
921,0.17
922,0.26
923,0.14
924,0.14
925,0.3
926,0.11
927,0.09
928,0.08
929,0.11
930,0.09
931,0.22
932,0.07
933,0.11
934,0.18
935,0.12
936,0.06
937,0.09
938,0.15
939,0.09
940,0.09
941,0.17
942,0.13
943,0.19
944,0.19
945,0.14
946,0.09
947,0.1
948,0.13
949,0.08
950,0.09
951,0.23
952,0.17
953,0.1
954,0.14
955,0.13
956,0.39
957,0.2
958,0.28
959,0.12
960,0.1
961,0.25
962,0.21
963,0.06
964,0.1
965,0.12
966,0.12
967,0.17
968,0.16
969,0.11
970,0.14
971,0.1
972,0.07
973,0.13
974,0.13
975,0.08
976,0.18
977,0.11
978,0.1
979,0.07
980,0.27
981,0.15
982,0.2
983,0.13
984,0.12
985,0.05
986,0.12
987,0.13
988,0.13
989,0.11
990,0.08
991,0.11
992,0.1
993,0.09
994,0.16
995,0.13
996,0.18
997,0.04
998,0.19
999,0.07
1000,0.1
1001,0.15
1002,0.27
1003,0.33
1004,0.16
1005,0.07
1006,0.05
1007,0.08
1008,0.13
1009,0.16
1010,0.18
1011,0.16
1012,0.24
1013,0.27
1014,0.21
1015,0.09
1016,0.13
1017,0.22
1018,0.23
1019,0.28
1020,0.24
1021,0.06
1022,0.18
1023,0.05
1024,0.28
1025,0.17
1026,0.32
1027,0.15
1028,0.09
1029,0.25
1030,0.08
1031,0.09
1032,0.13
1033,0.04
1034,0.14
1035,0.09
1036,0.23
1037,0.09
1038,0.11
1039,0.13
1040,0.23
1041,0.14
1042,0.11
1043,0.16
1044,0.04
1045,0.11
1046,0.03
1047,0.1
1048,0.15
1049,0.16
1050,0.35
1051,0.15
1052,0.1
1053,0.28
1054,0.16
1055,0.08
1056,0.16
1057,0.23
1058,0.13
1059,0.35
1060,0.14
1061,0.14
1062,0.12
1063,0.27
1064,0.09
1065,0.08
1066,0.3
1067,0.16
1068,0.11
1069,0.07
1070,0.14
1071,0.33
1072,0.19
1073,0.08
1074,0.16
1075,0.1
1076,0.08
1077,0.16
1078,0.11
1079,0.07
1080,0.07
1081,0.09
1082,0.09
1083,0.05
1084,0.22
1085,0.02
1086,0.18
1087,0.25
1088,0.1
1089,0.09
1090,0.26
1091,0.03
1092,0.25
1093,0.14
1094,0.25
1095,0.09
1096,0.09
1097,0.17
1098,0.06
1099,0.06
1100,0.11
1101,0.26
1102,0.1
1103,0.14
1104,0.17
1105,0.12
1106,0.36
1107,0.09
1108,0.17
1109,0.19
1110,0.03
1111,0.1
1112,0.09
1113,0.06
1114,0.13
1115,0.19
1116,0.19
1117,0.14
1118,0.11
1119,0.15
1120,0.17
1121,0.36
1122,0.09
1123,0.11
1124,0.27
1125,0.13
1126,0.17
1127,0.19
1128,0.1
1129,0.09
1130,0.13
1131,0.06
1132,0.22
1133,0.2
1134,0.19
1135,0.11
1136,0.09
1137,0.15
1138,0.09
1139,0.17
1140,0.11
1141,0.17
1142,0.12
1143,0.04
1144,0.17
1145,0.09
1146,0.23
1147,0.14
1148,0.15
1149,0.13
1150,0.06
1151,0.08
1152,0.19
1153,0.11
1154,0.12
1155,0.09
1156,0.1
1157,0.17
1158,0.11
1159,0.11
1160,0.11
1161,0.14
1162,0.09
1163,0.12
1164,0.24
1165,0.14
1166,0.15
1167,0.19
1168,0.22
1169,0.12
1170,0.18
1171,0.19
1172,0.11
1173,0.14
1174,0.17
1175,0.15
1176,0.16
1177,0.27
1178,0.16
1179,0.08
1180,0.09
1181,0.08
1182,0.17
1183,0.16
1184,0.12
1185,0.14
1186,0.2
1187,0.23
1188,0.05
1189,0.13
1190,0.15
1191,0.2
1192,0.25
1193,0.1
1194,0.24
1195,0.09
1196,0.12
1197,0.05
1198,0.14
1199,0.16
1200,0.05
1201,0.11
1202,0.05
1203,0.11
1204,0.11
1205,0.3
1206,0.17
1207,0.35
1208,0.15
1209,0.15
1210,0.18
1211,0.24
1212,0.23
1213,0.18
1214,0.13
1215,0.1
1216,0.1
1217,0.25
1218,0.27
1219,0.15
1220,0.13
1221,0.13
1222,0.18
1223,0.11
1224,0.08
1225,0.2
1226,0.08
1227,0.13
1228,0.09
1229,0.21
1230,0.14
1231,0.18
1232,0.14
1233,0.22
1234,0.16
1235,0.18
1236,0.17
1237,0.12
1238,0.01
1239,0.1
1240,0.05
1241,0.17
1242,0.12
1243,0.12
1244,0.07
1245,0.32
1246,0.12
1247,0.17
1248,0.17
1249,0.19
1250,0.16
1251,0.04
1252,0.17
1253,0.2
1254,0.14
1255,0.18
1256,0.16
1257,0.15
1258,0.11
1259,0.14
1260,0.2
1261,0.22
1262,0.18
1263,0.19
1264,0.21
1265,0.27
1266,0.09
1267,0.13
1268,0.05
1269,0.17
1270,0.21
1271,0.07
1272,0.17
1273,0.25
1274,0.2
1275,0.12
1276,0.22
1277,0.07
1278,0.12
1279,0.1
1280,0.09
1281,0.08
1282,0.11
1283,0.07
1284,0.11
1285,0.2
1286,0.14
1287,0.18
1288,0.19
1289,0.16
1290,0.18
1291,0.2
1292,0.15
1293,0.17
1294,0.05
1295,0.15
1296,0.33
1297,0.13
1298,0.16
1299,0.18
1300,0.18
1301,0.14
1302,0.1
1303,0.13
1304,0.1
1305,0.15
1306,0.17
1307,0.12
1308,0.16
1309,0.23
1310,0.12
1311,0.19
1312,0.17
1313,0.24
1314,0.12
1315,0.16
1316,0.13
1317,0.14
1318,0.14
1319,0.04
1320,0.04
1321,0.19
1322,0.06
1323,0.11
1324,0.07
1325,0.16
1326,0.29
1327,0.14
1328,0.35
1329,0.21
1330,0.13
1331,0.22
1332,0.08
1333,0.12
1334,0.03
1335,0.24
1336,0.11
1337,0.28
1338,0.22
1339,0.13
1340,0.17
1341,0.19
1342,0.09
1343,0.27
1344,0.12
1345,0.02
1346,0.11
1347,0.1
1348,0.15
1349,0.18
1350,0.24
1351,0.08
1352,0.14
1353,0.14
1354,0.2
1355,0.12
1356,0.15
1357,0.09
1358,0.11
1359,0.22
1360,0.11
1361,0.06
1362,0.16
1363,0.09
1364,0.11
1365,0.09
1366,0.18
1367,0.22
1368,0.16
1369,0.19
1370,0.37
1371,0.11
1372,0.11
1373,0.12
1374,0.18
1375,0.16
1376,0.11
1377,0.07
1378,0.11
1379,0.12
1380,0.1
1381,0.44
1382,0.07
1383,0.04
1384,0.22
1385,0.16
1386,0.09
1387,0.03
1388,0.16
1389,0.14
1390,0.08
1391,0.2
1392,0.17
1393,0.18
1394,0.24
1395,0.23
1396,0.24
1397,0.12
1398,0.19
1399,0.17
1400,0.16
1401,0.22
1402,0.11
1403,0.21
1404,0.02
1405,0.11
1406,0.18
1407,0.23
1408,0.04
1409,0.07
1410,0.14
1411,0.18
1412,0.13
1413,0.09
1414,0.14
1415,0.03
1416,0.02
1417,0.11
1418,0.28
1419,0.15
1420,0.16
1421,0.14
1422,0.21
1423,0.21
1424,0.19
1425,0.26
1426,0.1
1427,0.09
1428,0.18
1429,0.21
1430,0.13
1431,0.12
1432,0.17
1433,0.26
1434,0.15
1435,0.05
1436,0.08
1437,0.12
1438,0.13
1439,0.18
1440,0.09
1441,0.14
1442,0.09
1443,0.05
1444,0.06
1445,0.21
1446,0.28
1447,0.23
1448,0.2
1449,0.11
1450,0.17
1451,0.16
1452,0.1
1453,0.14
1454,0.14
1455,0.13
1456,0.1
1457,0.06
1458,0.08
1459,0.14
1460,0.08
1461,0.26
1462,0.12
1463,0.34
1464,0.24
1465,0.15
1466,0.13
1467,0.16
1468,0.25
1469,0.05
1470,0.17
1471,0.17
1472,0.19
1473,0.15
1474,0.09
1475,0.07
1476,0.02
1477,0.23
1478,0.11
1479,0.03
1480,0.3
1481,0.15
1482,0.26
1483,0.11
1484,0.2
1485,0.18
1486,0.16
1487,0.28
1488,0.23
1489,0.18
1490,0.19
1491,0.21
1492,0.33
1493,0.16
1494,0.16
1495,0.16
1496,0.17
1497,0.09
1498,0.14
1499,0.16
1500,0.07
1501,0.14
1502,0.18
1503,0.06
1504,0.05
1505,0.14
1506,0.22
1507,0.24
1508,0.14
1509,0.16
1510,0.15
1511,0.11
1512,0.13
1513,0.12
1514,0.05
1515,0.08
1516,0.26
1517,0.15
1518,0.09
1519,0.15
1520,0.26
1521,0.14
1522,0.14
1523,0.17
1524,0.06
1525,0.11
1526,0.23
1527,0.26
1528,0.28
1529,0.3
1530,0.12
1531,0.13
1532,0.13
1533,0.07
1534,0.13
1535,0.26
1536,0.15
1537,0.18
1538,0.19
1539,0.05
1540,0.17
1541,0.09
1542,0.13
1543,0.2
1544,0.06
1545,0.04
1546,0.07
1547,0.09
1548,0.16
1549,0.07
1550,0.16
1551,0.19
1552,0.08
1553,0.13
1554,0.12
1555,0.1
1556,0.11
1557,0.06
1558,0.14
1559,0.18
1560,0.19
1561,0.29
1562,0.17
1563,0.19
1564,0.05
1565,0.2
1566,0.36
1567,0.05
1568,0.05
1569,0.12
1570,0.15
1571,0.09
1572,0.12
1573,0.12
1574,0.25
1575,0.34
1576,0.32
1577,0.22
1578,0.01
1579,0.14
1580,0.15
1581,0.09
1582,0.28
1583,0.17
1584,0.08
1585,0.16
1586,0.12
1587,0.21
1588,0.2
1589,0.12
1590,0.19
1591,0.23
1592,0.27
1593,0.14
1594,0.13
1595,0.07
1596,0.32
1597,0.02
1598,0.21
1599,0.22
1600,0.22
1601,0.11
1602,0.07
1603,0.31
1604,0.16
1605,0.2
1606,0.09
1607,0.23
1608,0.14
1609,0.08
1610,0.19
1611,0.13
1612,0.15
1613,0.23
1614,0.13
1615,0.17
1616,0.25
1617,0.15
1618,0.05
1619,0.11
1620,0.11
1621,0.13
1622,0.11
1623,0.2
1624,0.04
1625,0.13
1626,0.15
1627,0.12
1628,0.14
1629,0.14
1630,0.11
1631,0.21
1632,0.36
1633,0.18
1634,0.14
1635,0.22
1636,0.21
1637,0.04
1638,0.12
1639,0.09
1640,0.08
1641,0.16
1642,0.18
1643,0.1
1644,0.21
1645,0.21
1646,0.09
1647,0.11
1648,0.18
1649,0.11
1650,0.17
1651,0.18
1652,0.15
1653,0.12
1654,0.14
1655,0.12
1656,0.09
1657,0.05
1658,0.22
1659,0.17
1660,0.05
1661,0.15
1662,0.06
1663,0.15
1664,0.12
1665,0.09
1666,0.18
1667,0.03
1668,0.14
1669,0.17
1670,0.11
1671,0.21
1672,0.18
1673,0.24
1674,0.15
1675,0.18
1676,0.09
1677,0.13
1678,0.09
1679,0.12
1680,0.17
1681,0.16
1682,0.07
1683,0.12
1684,0.14
1685,0.19
1686,0.23
1687,0.15
1688,0.23
1689,0.22
1690,0.1
1691,0.2
1692,0.06
1693,0.2
1694,0.1
1695,0.15
1696,0.15
1697,0.16
1698,0.06
1699,0.09
1700,0.08
1701,0.11
1702,0.16
1703,0.27
1704,0.12
1705,0.07
1706,0.12
1707,0.14
1708,0.2
1709,0.05
1710,0.1
1711,0.12
1712,0.26
1713,0.06
1714,0.06
1715,0.21
1716,0.09
1717,0.22
1718,0.13
1719,0.06
1720,0.07
1721,0.12
1722,0.1
1723,0.19
1724,0.15
1725,0.14
1726,0.23
1727,0.17
1728,0.12
1729,0.08
1730,0.16
1731,0.15
1732,0.36
1733,0.1
1734,0.14
1735,0.06
1736,0.11
1737,0.24
1738,0.25
1739,0.13
1740,0.13
1741,0.15
1742,0.1
1743,0.18
1744,0.1
1745,0.09
1746,0.24
1747,0.2
1748,0.1
1749,0.13
1750,0.14
1751,0.16
1752,0.27
1753,0.2
1754,0.23
1755,0.2
1756,0.09
1757,0.16
1758,0.3
1759,0.15
1760,0.14
1761,0.14
1762,0.14
1763,0.11
1764,0.05
1765,0.09
1766,0.09
1767,0.27
1768,0.09
1769,0.07
1770,0.12
1771,0.13
1772,0.24
1773,0.17
1774,0.11
1775,0.17
1776,0.27
1777,0.15
1778,0.16
1779,0.21
1780,0.1
1781,0.06
1782,0.18
1783,0.11
1784,0.14
1785,0.07
1786,0.12
1787,0.16
1788,0.21
1789,0.17
1790,0.12
1791,0.13
1792,0.14
1793,0.16
1794,0.06
1795,0.14
1796,0.06
1797,0.2
1798,0.12
1799,0.15
1800,0.11
1801,0.2
1802,0.22
1803,0.1
1804,0.2
1805,0.08
1806,0.08
1807,0.06
1808,0.05
1809,0.25
1810,0.13
1811,0.08
1812,0.06
1813,0.25
1814,0.15
1815,0.14
1816,0.14
1817,0.19
1818,0.18
1819,0.14
1820,0.14
1821,0.19
1822,0.14
1823,0.06
1824,0.08
1825,0.22
1826,0.1
1827,0.1
1828,0.11
1829,0.07
1830,0.1
1831,0.08
1832,0.24
1833,0.22
1834,0.12
1835,0.23
1836,0.13
1837,0.05
1838,0.16
1839,0.15
1840,0.18
1841,0.1
1842,0.13
1843,0.15
1844,0.22
1845,0.25
1846,0.07
1847,0.18
1848,0.11
1849,0.14
1850,0.24
1851,0.18
1852,0.18
1853,0.24
1854,0.2
1855,0.1
1856,0.1
1857,0.25
1858,0.04
1859,0.26
1860,0.32
1861,0.09
1862,0.17
1863,0.02
1864,0.11
1865,0.08
1866,0.14
1867,0.16
1868,0.21
1869,0.12
1870,0.1
1871,0.26
1872,0.15
1873,0.01
1874,0.08
1875,0.12
1876,0.15
1877,0.12
1878,0.15
1879,0.14
1880,0.15
1881,0.26
1882,0.24
1883,0.09
1884,0.17
1885,0.09
1886,0.09
1887,0.07
1888,0.07
1889,0.18
1890,0.15
1891,0.16
1892,0.14
1893,0.11
1894,0.11
1895,0.07
1896,0.09
1897,0.16
1898,0.27
1899,0.16
1900,0.15
1901,0.11
1902,0.03
1903,0.1
1904,0.24
1905,0.14
1906,0.22
1907,0.23
1908,0.24
1909,0.14
1910,0.32
1911,0.14
1912,0.12
1913,0.21
1914,0.13
1915,0.13
1916,0.14
1917,0.09
1918,0.12
1919,0.28
1920,0.09
1921,0.05
1922,0.02
1923,0.12
1924,0.18
1925,0.23
1926,0.12
1927,0.16
1928,0.3
1929,0.19
1930,0.2
1931,0.16
1932,0.09
1933,0.13
1934,0.14
1935,0.21
1936,0.28
1937,0.08
1938,0.18
1939,0.2
1940,0.16
1941,0.21
1942,0.19
1943,0.26
1944,0.14
1945,0.17
1946,0.08
1947,0.19
1948,0.2
1949,0.14
1950,0.07
1951,0.21
1952,0.18
1953,0.26
1954,0.07
1955,0.03
1956,0.13
1957,0.2
1958,0.1
1959,0.12
1960,0.08
1961,0.09
1962,0.32
1963,0.11
1964,0.15
1965,0.32
1966,0.16
1967,0.18
1968,0.09
1969,0.26
1970,0.19
1971,0.15
1972,0.16
1973,0.23
1974,0.25
1975,0.2
1976,0.18
1977,0.19
1978,0.15
1979,0.25
1980,0.14
1981,0.19
1982,0.23
1983,0.19
1984,0.05
1985,0.09
1986,0.26
1987,0.1
1988,0.15
1989,0.08
1990,0.18
1991,0.17
1992,0.16
1993,0.18
1994,0.16
1995,0.14
1996,0.32
1997,0.1
1998,0.08
1999,0.25
2000,0.09
2001,0.14
2002,0.13
2003,0.2
2004,0.12
2005,0.22
2006,0.12
2007,0.29
2008,0.28
2009,0.16
2010,0.18
2011,0.14
2012,0.15
2013,0.13
2014,0.08
2015,0.26
2016,0.05
2017,0.15
2018,0.07
2019,0.31
2020,0.08
2021,0.13
2022,0.12
2023,0.15
2024,0.22
2025,0.08
2026,0.18
2027,0.07
2028,0.28
2029,0.06
2030,0.05
2031,0.18
2032,0.13
2033,0.07
2034,0.19
2035,0.1
2036,0.12
2037,0.14
2038,0.3
2039,0.15
2040,0.11
2041,0.15
2042,0.09
2043,0.15
2044,0.27
2045,0.11
2046,0.17
2047,0.36
2048,0.16
2049,0.2
2050,0.14
2051,0.19
2052,0.04
2053,0.22
2054,0.25
2055,0.05
2056,0.15
2057,0.08
2058,0.18
2059,0.21
2060,0.14
2061,0.21
2062,0.42
2063,0.1
2064,0.11
2065,0.16
2066,0.36
2067,0.13
2068,0.13
2069,0.16
2070,0.12
2071,0.05
2072,0.1
2073,0.2
2074,0.29
2075,0.24
2076,0.11
2077,0.2
2078,0.21
2079,0.1
2080,0.13
2081,0.07
2082,0.07
2083,0.28
2084,0.31
2085,0.07
2086,0.08
2087,0.16
2088,0.15
2089,0.21
2090,0.19
2091,0.29
2092,0.18
2093,0.18
2094,0.17
2095,0.23
2096,0.16
2097,0.11
2098,0.2
2099,0.3
2100,0.28
2101,0.1
2102,0.13
2103,0.14
2104,0.13
2105,0.22
2106,0.07
2107,0.05
2108,0.06
2109,0.19
2110,0.15
2111,0.24
2112,0.24
2113,0.23
2114,0.1
2115,0.15
2116,0.14
2117,0.1
2118,0.16
2119,0.16
2120,0.06
2121,0.1
2122,0.09
2123,0.09
2124,0.08
2125,0.16
2126,0.28
2127,0.13
2128,0.2
2129,0.08
2130,0.08
2131,0.17
2132,0.15
2133,0.36
2134,0.12
2135,0.06
2136,0.32
2137,0.29
2138,0.15
2139,0.06
2140,0.04
2141,0.12
2142,0.12
2143,0.16
2144,0.14
2145,0.09
2146,0.14
2147,0.06
2148,0.18
2149,0.09
2150,0.11
2151,0.23
2152,0.25
2153,0.17
2154,0.06
2155,0.18
2156,0.16
2157,0.18
2158,0.16
2159,0.12
2160,0.19
2161,0.23
2162,0.04
2163,0.02
2164,0.41
2165,0.16
2166,0.18
2167,0.09
2168,0.05
2169,0.21
2170,0.24
2171,0.31
2172,0.09
2173,0.13
2174,0.22
2175,0.25
2176,0.15
2177,0.07
2178,0.03
2179,0.09
2180,0.12
2181,0.14
2182,0.22
2183,0.24
2184,0.18
2185,0.08
2186,0.25
2187,0.09
2188,0.34
2189,0.19
2190,0.2
2191,0.09
2192,0.16
2193,0.07
2194,0.07
2195,0.26
2196,0.09
2197,0.2
2198,0.14
2199,0.16
2200,0.24
2201,0.17
2202,0.08
2203,0.13
2204,0.13
2205,0.16
2206,0.11
2207,0.12
2208,0.15
2209,0.1
2210,0.15
2211,0.04
2212,0.18
2213,0.12
2214,0.14
2215,0.18
2216,0.18
2217,0.02
2218,0.18
2219,0.07
2220,0.16
2221,0.1
2222,0.1
2223,0.16
2224,0.09
2225,0.17
2226,0.06
2227,0.27
2228,0.14
2229,0.38
2230,0.11
2231,0.09
2232,0.27
2233,0.14
2234,0.14
2235,0.05
2236,0.16
2237,0.16
2238,0.06
2239,0.29
2240,0.22
2241,0.1
2242,0.13
2243,0.27
2244,0.18
2245,0.25
2246,0.14
2247,0.1
2248,0.17
2249,0.18
2250,0.05
2251,0.2
2252,0.17
2253,0.02
2254,0.15
2255,0.25
2256,0.09
2257,0.1
2258,0.16
2259,0.15
2260,0.07
2261,0.2
2262,0.07
2263,0.2
2264,0.16
2265,0.13
2266,0.37
2267,0.17
2268,0.14
2269,0.07
2270,0.05
2271,0.14
2272,0.1
2273,0.06
2274,0.21
2275,0.05
2276,0.17
2277,0.04
2278,0.09
2279,0.09
2280,0.12
2281,0.33
2282,0.13
2283,0.35
2284,0.12
2285,0.18
2286,0.19
2287,0.12
2288,0.35
2289,0.45
2290,0.17
2291,0.12
2292,0.11
2293,0.15
2294,0.04
2295,0.27
2296,0.19
2297,0.24
2298,0.19
2299,0.38
2300,0.14
2301,0.11
2302,0.21
2303,0.15
2304,0.17
2305,0.08
2306,0.04
2307,0.14
2308,0.09
2309,0.12
2310,0.11
2311,0.1
2312,0.22
2313,0.09
2314,0.18
2315,0.07
2316,0.22
2317,0.28
2318,0.15
2319,0.1
2320,0.08
2321,0.37
2322,0.19
2323,0.15
2324,0.23
2325,0.04
2326,0.06
2327,0.1
2328,0.11
2329,0.12
2330,0.15
2331,0.1
2332,0.17
2333,0.1
2334,0.21
2335,0.11
2336,0.14
2337,0.17
2338,0.22
2339,0.13
2340,0.21
2341,0.26
2342,0.11
2343,0.02
2344,0.06
2345,0.07
2346,0.36
2347,0.23
2348,0.18
2349,0.21
2350,0.1
2351,0.26
2352,0.14
2353,0.1
2354,0.2
2355,0.21
2356,0.09
2357,0.2
2358,0.19
2359,0.1
2360,0.11
2361,0.15
2362,0.12
2363,0.18
2364,0.07
2365,0.13
2366,0.19
2367,0.06
2368,0.05
2369,0.19
2370,0.11
2371,0.05
2372,0.09
2373,0.24
2374,0.15
2375,0.09
2376,0.06
2377,0.14
2378,0.11
2379,0.12
2380,0.07
2381,0.09
2382,0.11
2383,0.15
2384,0.41
2385,0.08
2386,0.08
2387,0.14
2388,0.13
2389,0.18
2390,0.16
2391,0.16
2392,0.15
2393,0.16
2394,0.13
2395,0.14
2396,0.06
2397,0.09
2398,0.03
2399,0.15
2400,0.11
2401,0.08
2402,0.17
2403,0.13
2404,0.17
2405,0.13
2406,0.12
2407,0.22
2408,0.13
2409,0.17
2410,0.07
2411,0.37
2412,0.2
2413,0.18
2414,0.22
2415,0.21
2416,0.16
2417,0.13
2418,0.09
2419,0.11
2420,0.05
2421,0.27
2422,0.13
2423,0.19
2424,0.25
2425,0.1
2426,0.09
2427,0.03
2428,0.08
2429,0.26
2430,0.08
2431,0.21
2432,0.05
2433,0.37
2434,0.07
2435,0.16
2436,0.18
2437,0.2
2438,0.22
2439,0.17
2440,0.17
2441,0.15
2442,0.18
2443,0.11
2444,0.16
2445,0.21
2446,0.21
2447,0.16
2448,0.21
2449,0.1
2450,0.14
2451,0.3
2452,0.09
2453,0.33
2454,0.15
2455,0.06
2456,0.2
2457,0.16
2458,0.2
2459,0.21
2460,0.18
2461,0.13
2462,0.16
2463,0.08
2464,0.25
2465,0.11
2466,0.14
2467,0.08
2468,0.2
2469,0.09
2470,0.18
2471,0.12
2472,0.17
2473,0.12
2474,0.37
2475,0.16
2476,0.07
2477,0.0
2478,0.21
2479,0.09
2480,0.13
2481,0.17
2482,0.12
2483,0.13
2484,0.28
2485,0.16
2486,0.1
2487,0.12
2488,0.15
2489,0.06
2490,0.14
2491,0.19
2492,0.25
2493,0.07
2494,0.03
2495,0.14
2496,0.32
2497,0.06
2498,0.04
2499,0.23
2500,0.18
2501,0.02
2502,0.08
2503,0.17
2504,0.06
2505,0.09
2506,0.18
2507,0.11
2508,0.12
2509,0.18
2510,0.25
2511,0.08
2512,0.12
2513,0.2
2514,0.09
2515,0.21
2516,0.27
2517,0.06
2518,0.14
2519,0.1
2520,0.17
2521,0.13
2522,0.22
2523,0.22
2524,0.07
2525,0.23
2526,0.18
2527,0.13
2528,0.08
2529,0.09
2530,0.23
2531,0.16
2532,0.18
2533,0.36
2534,0.18
2535,0.09
2536,0.15
2537,0.09
2538,0.05
2539,0.12
2540,0.14
2541,0.08
2542,0.11
2543,0.12
2544,0.07
2545,0.11
2546,0.04
2547,0.18
2548,0.09
2549,0.19
2550,0.14
2551,0.27
2552,0.08
2553,0.13
2554,0.06
2555,0.31
2556,0.06
2557,0.07
2558,0.13
2559,0.27
2560,0.29
2561,0.06
2562,0.1
2563,0.07
2564,0.22
2565,0.11
2566,0.12
2567,0.15
2568,0.15
2569,0.12
2570,0.22
2571,0.18
2572,0.17
2573,0.17
2574,0.15
2575,0.16
2576,0.26
2577,0.15
2578,0.09
2579,0.05
2580,0.13
2581,0.13
2582,0.13
2583,0.1
2584,0.19
2585,0.07
2586,0.19
2587,0.05
2588,0.09
2589,0.22
2590,0.11
2591,0.18
2592,0.07
2593,0.16
2594,0.08
2595,0.24
2596,0.1
2597,0.23
2598,0.09
2599,0.03
2600,0.08
2601,0.07
2602,0.25
2603,0.24
2604,0.04
2605,0.2
2606,0.14
2607,0.14
2608,0.18
2609,0.1
2610,0.13
2611,0.05
2612,0.13
2613,0.17
2614,0.18
2615,0.36
2616,0.03
2617,0.26
2618,0.22
2619,0.13
2620,0.1
2621,0.19
2622,0.09
2623,0.15
2624,0.15
2625,0.13
2626,0.06
2627,0.14
2628,0.11
2629,0.09
2630,0.09
2631,0.19
2632,0.15
2633,0.17
2634,0.08
2635,0.16
2636,0.14
2637,0.16
2638,0.09
2639,0.06
2640,0.17
2641,0.18
2642,0.19
2643,0.05
2644,0.22
2645,0.14
2646,0.13
2647,0.19
2648,0.08
2649,0.21
2650,0.2
2651,0.31
2652,0.07
2653,0.06
2654,0.1
2655,0.25
2656,0.09
2657,0.14
2658,0.27
2659,0.1
2660,0.17
2661,0.07
2662,0.22
2663,0.2
2664,0.2
2665,0.24
2666,0.07
2667,0.1
2668,0.29
2669,0.14
2670,0.08
2671,0.2
2672,0.14
2673,0.18
2674,0.14
2675,0.13
2676,0.1
2677,0.19
2678,0.13
2679,0.18
2680,0.16
2681,0.18
2682,0.39
2683,0.08
2684,0.08
2685,0.02
2686,0.12
2687,0.14
2688,0.14
2689,0.13
2690,0.13
2691,0.13
2692,0.15
2693,0.16
2694,0.26
2695,0.24
2696,0.16
2697,0.12
2698,0.22
2699,0.09
2700,0.19
2701,0.18
2702,0.2
2703,0.07
2704,0.24
2705,0.13
2706,0.07
2707,0.18
2708,0.13
2709,0.2
2710,0.04
2711,0.3
2712,0.03
2713,0.18
2714,0.18
2715,0.14
2716,0.19
2717,0.1
2718,0.2
2719,0.16
2720,0.2
2721,0.21
2722,0.16
2723,0.15
2724,0.27
2725,0.21
2726,0.08
2727,0.09
2728,0.28
2729,0.05
2730,0.19
2731,0.08
2732,0.24
2733,0.21
2734,0.07
2735,0.31
2736,0.33
2737,0.18
2738,0.13
2739,0.18
2740,0.1
2741,0.05
2742,0.22
2743,0.15
2744,0.23
2745,0.12
2746,0.19
2747,0.05
2748,0.12
2749,0.12
2750,0.16
2751,0.1
2752,0.24
2753,0.3
2754,0.17
2755,0.03
2756,0.36
2757,0.2
2758,0.06
2759,0.13
2760,0.11
2761,0.1
2762,0.09
2763,0.12
2764,0.1
2765,0.11
2766,0.16
2767,0.11
2768,0.11
2769,0.07
2770,0.14
2771,0.1
2772,0.23
2773,0.13
2774,0.12
2775,0.21
2776,0.12
2777,0.07
2778,0.36
2779,0.09
2780,0.17
2781,0.11
2782,0.11
2783,0.15
2784,0.23
2785,0.2
2786,0.07
2787,0.31
2788,0.03
2789,0.18
2790,0.08
2791,0.24
2792,0.13
2793,0.21
2794,0.05
2795,0.16
2796,0.18
2797,0.29
2798,0.09
2799,0.28
2800,0.11
2801,0.13
2802,0.06
2803,0.11
2804,0.18
2805,0.17
2806,0.06
2807,0.06
2808,0.01
2809,0.22
2810,0.22
2811,0.19
2812,0.22
2813,0.12
2814,0.03
2815,0.14
2816,0.21
2817,0.04
2818,0.04
2819,0.06
2820,0.26
2821,0.05
2822,0.18
2823,0.19
2824,0.33
2825,0.14
2826,0.24
2827,0.06
2828,0.17
2829,0.13
2830,0.31
2831,0.22
2832,0.21
2833,0.16
2834,0.15
2835,0.13
2836,0.17
2837,0.19
2838,0.11
2839,0.07
2840,0.23
2841,0.17
2842,0.13
2843,0.14
2844,0.12
2845,0.09
2846,0.13
2847,0.19
2848,0.24
2849,0.09
2850,0.15
2851,0.18
2852,0.07
2853,0.17
2854,0.08
2855,0.22
2856,0.13
2857,0.12
2858,0.24
2859,0.15
2860,0.07
2861,0.09
2862,0.09
2863,0.09
2864,0.17
2865,0.07
2866,0.05
2867,0.08
2868,0.16
2869,0.24
2870,0.04
2871,0.07
2872,0.25
2873,0.14
2874,0.14
2875,0.24
2876,0.27
2877,0.16
2878,0.24
2879,0.13
2880,0.25
2881,0.19
2882,0.23
2883,0.21
2884,0.12
2885,0.27
2886,0.15
2887,0.15
2888,0.08
2889,0.11
2890,0.22
2891,0.09
2892,0.16
2893,0.27
2894,0.06
2895,0.11
2896,0.19
2897,0.14
2898,0.09
2899,0.23
2900,0.28
2901,0.21
2902,0.09
2903,0.1
2904,0.08
2905,0.05
2906,0.18
2907,0.03
2908,0.09
2909,0.14
2910,0.13
2911,0.24
2912,0.18
2913,0.12
2914,0.1
2915,0.1
2916,0.19
2917,0.12
2918,0.1
2919,0.04
2920,0.24
2921,0.12
2922,0.16
2923,0.19
2924,0.15
2925,0.24
2926,0.21
2927,0.17
2928,0.01
2929,0.11
2930,0.17
2931,0.16
2932,0.08
2933,0.13
2934,0.13
2935,0.2
2936,0.14
2937,0.21
2938,0.16
2939,0.01
2940,0.15
2941,0.19
2942,0.31
2943,0.08
2944,0.12
2945,0.13
2946,0.12
2947,0.36
2948,0.12
2949,0.07
2950,0.12
2951,0.13
2952,0.07
2953,0.24
2954,0.14
2955,0.09
2956,0.08
2957,0.04
2958,0.1
2959,0.36
2960,0.11
2961,0.13
2962,0.19
2963,0.28
2964,0.14
2965,0.09
2966,0.11
2967,0.08
2968,0.19
2969,0.13
2970,0.17
2971,0.1
2972,0.14
2973,0.12
2974,0.13
2975,0.11
2976,0.24
2977,0.13
2978,0.13
2979,0.25
2980,0.19
2981,0.21
2982,0.08
2983,0.09
2984,0.11
2985,0.09
2986,0.09
2987,0.18
2988,0.19
2989,0.1
2990,0.14
2991,0.09
2992,0.12
2993,0.29
2994,0.21
2995,0.18
2996,0.08
2997,0.15
2998,0.23
2999,0.07
3000,0.13
3001,0.25
3002,0.19
3003,0.2
3004,0.17
3005,0.12
3006,0.09
3007,0.22
3008,0.14
3009,0.21
3010,0.13
3011,0.15
3012,0.19
3013,0.12
3014,0.35
3015,0.15
3016,0.15
3017,0.06
3018,0.17
3019,0.13
3020,0.26
3021,0.15
3022,0.17
3023,0.13
3024,0.13
3025,0.17
3026,0.15
3027,0.11
3028,0.28
3029,0.09
3030,0.06
3031,0.26
3032,0.07
3033,0.1
3034,0.2
3035,0.24
3036,0.15
3037,0.07
3038,0.12
3039,0.13
3040,0.18
3041,0.1
3042,0.18
3043,0.14
3044,0.15
3045,0.21
3046,0.16
3047,0.1
3048,0.04
3049,0.11
3050,0.07
3051,0.15
3052,0.08
3053,0.09
3054,0.26
3055,0.16
3056,0.26
3057,0.1
3058,0.24
3059,0.09
3060,0.21
3061,0.09
3062,0.11
3063,0.08
3064,0.1
3065,0.25
3066,0.13
3067,0.11
3068,0.18
3069,0.08
3070,0.08
3071,0.09
3072,0.13
3073,0.37
3074,0.11
3075,0.08
3076,0.14
3077,0.09
3078,0.16
3079,0.0
3080,0.09
3081,0.22
3082,0.2
3083,0.34
3084,0.07
3085,0.09
3086,0.17
3087,0.21
3088,0.07
3089,0.14
3090,0.32
3091,0.23
3092,0.15
3093,0.17
3094,0.14
3095,0.15
3096,0.15
3097,0.13
3098,0.05
3099,0.04
3100,0.15
3101,0.1
3102,0.05
3103,0.11
3104,0.09
3105,0.22
3106,0.15
3107,0.22
3108,0.12
3109,0.1
3110,0.06
3111,0.09
3112,0.12
3113,0.16
3114,0.02
3115,0.12
3116,0.1
3117,0.1
3118,0.11
3119,0.19
3120,0.19
3121,0.18
3122,0.04
3123,0.14
3124,0.2
3125,0.24
3126,0.11
3127,0.26
3128,0.18
3129,0.18
3130,0.15
3131,0.05
3132,0.09
3133,0.06
3134,0.11
3135,0.11
3136,0.2
3137,0.29
3138,0.07
3139,0.07
3140,0.1
3141,0.08
3142,0.19
3143,0.05
3144,0.08
3145,0.27
3146,0.17
3147,0.12
3148,0.12
3149,0.21
3150,0.1
3151,0.09
3152,0.15
3153,0.09
3154,0.04
3155,0.08
3156,0.11
3157,0.11
3158,0.19
3159,0.12
3160,0.13
3161,0.26
3162,0.07
3163,0.15
3164,0.18
3165,0.15
3166,0.16
3167,0.15
3168,0.21
3169,0.2
3170,0.15
3171,0.21
3172,0.11
3173,0.12
3174,0.24
3175,0.03
3176,0.05
3177,0.03
3178,0.32
3179,0.05
3180,0.2
3181,0.16
3182,0.08
3183,0.21
3184,0.09
3185,0.24
3186,0.13
3187,0.22
3188,0.05
3189,0.2
3190,0.07
3191,0.23
3192,0.02
3193,0.15
3194,0.04
3195,0.06
3196,0.07
3197,0.12
3198,0.12
3199,0.16
3200,0.05
3201,0.24
3202,0.06
3203,0.09
3204,0.2
3205,0.07
3206,0.16
3207,0.18
3208,0.22
3209,0.13
3210,0.19
3211,0.13
3212,0.12
3213,0.04
3214,0.34
3215,0.1
3216,0.14
3217,0.1
3218,0.13
3219,0.15
3220,0.18
3221,0.11
3222,0.22
3223,0.12
3224,0.24
3225,0.13
3226,0.09
3227,0.16
3228,0.03
3229,0.2
3230,0.15
3231,0.12
3232,0.24
3233,0.15
3234,0.19
3235,0.1
3236,0.08
3237,0.09
3238,0.27
3239,0.1
3240,0.2
3241,0.24
3242,0.23
3243,0.34
3244,0.15
3245,0.13
3246,0.09
3247,0.22
3248,0.09
3249,0.08
3250,0.03
3251,0.08
3252,0.1
3253,0.11
3254,0.18
3255,0.07
3256,0.14
3257,0.13
3258,0.06
3259,0.23
3260,0.06
3261,0.13
3262,0.08
3263,0.16
3264,0.12
3265,0.08
3266,0.13
3267,0.07
3268,0.16
3269,0.12
3270,0.18
3271,0.16
3272,0.1
3273,0.13
3274,0.11
3275,0.09
3276,0.13
3277,0.13
3278,0.12
3279,0.19
3280,0.1
3281,0.08
3282,0.04
3283,0.09
3284,0.2
3285,0.01
3286,0.21
3287,0.2
3288,0.2
3289,0.16
3290,0.09
3291,0.08
3292,0.11
3293,0.14
3294,0.11
3295,0.14
3296,0.21
3297,0.14
3298,0.2
3299,0.16
3300,0.14
3301,0.12
3302,0.18
3303,0.11
3304,0.05
3305,0.1
3306,0.23
3307,0.17
3308,0.14
3309,0.03
3310,0.12
3311,0.25
3312,0.1
3313,0.09
3314,0.27
3315,0.16
3316,0.08
3317,0.16
3318,0.07
3319,0.12
3320,0.16
3321,0.08
3322,0.19
3323,0.05
3324,0.11
3325,0.16
3326,0.3
3327,0.05
3328,0.18
3329,0.11
3330,0.11
3331,0.3
3332,0.15
3333,0.24
3334,0.11
3335,0.02
3336,0.07
3337,0.04
3338,0.13
3339,0.15
3340,0.13
3341,0.14
3342,0.11
3343,0.12
3344,0.07
3345,0.18
3346,0.15
3347,0.19
3348,0.12
3349,0.16
3350,0.13
3351,0.14
3352,0.16
3353,0.09
3354,0.1
3355,0.3
3356,0.17
3357,0.12
3358,0.24
3359,0.14
3360,0.11
3361,0.13
3362,0.09
3363,0.12
3364,0.32
3365,0.2
3366,0.23
3367,0.11
3368,0.15
3369,0.13
3370,0.24
3371,0.19
3372,0.2
3373,0.06
3374,0.1
3375,0.15
3376,0.1
3377,0.27
3378,0.22
3379,0.04
3380,0.2
3381,0.2
3382,0.22
3383,0.14
3384,0.25
3385,0.17
3386,0.06
3387,0.29
3388,0.19
3389,0.16
3390,0.19
3391,0.16
3392,0.16
3393,0.21
3394,0.15
3395,0.17
3396,0.27
3397,0.18
3398,0.07
3399,0.21
3400,0.28
3401,0.13
3402,0.07
3403,0.2
3404,0.21
3405,0.19
3406,0.09
3407,0.1
3408,0.15
3409,0.04
3410,0.09
3411,0.2
3412,0.08
3413,0.2
3414,0.2
3415,0.13
3416,0.09
3417,0.14
3418,0.15
3419,0.19
3420,0.14
3421,0.2
3422,0.14
3423,0.15
3424,0.18
3425,0.11
3426,0.22
3427,0.28
3428,0.11
3429,0.21
3430,0.26
3431,0.06
3432,0.18
3433,0.16
3434,0.1
3435,0.06
3436,0.09
3437,0.17
3438,0.15
3439,0.08
3440,0.21
3441,0.03
3442,0.08
3443,0.11
3444,0.05
3445,0.19
3446,0.14
3447,0.12
3448,0.1
3449,0.07
3450,0.06
3451,0.12
3452,0.13
3453,0.2
3454,0.15
3455,0.28
3456,0.24
3457,0.13
3458,0.07
3459,0.24
3460,0.11
3461,0.11
3462,0.09
3463,0.22
3464,0.18
3465,0.08
3466,0.17
3467,0.26
3468,0.22
3469,0.05
3470,0.07
3471,0.07
3472,0.04
3473,0.09
3474,0.2
3475,0.16
3476,0.09
3477,0.27
3478,0.08
3479,0.23
3480,0.19
3481,0.06
3482,0.2
3483,0.1
3484,0.16
3485,0.21
3486,0.15
3487,0.2
3488,0.13
3489,0.21
3490,0.15
3491,0.26
3492,0.3
3493,0.24
3494,0.07
3495,0.3
3496,0.12
3497,0.14
3498,0.14
3499,0.15
3500,0.07
3501,0.17
3502,0.08
3503,0.13
3504,0.24
3505,0.14
3506,0.12
3507,0.05
3508,0.05
3509,0.21
3510,0.14
3511,0.06
3512,0.29
3513,0.09
3514,0.13
3515,0.07
3516,0.3
3517,0.07
3518,0.09
3519,0.13
3520,0.05
3521,0.07
3522,0.13
3523,0.13
3524,0.08
3525,0.18
3526,0.12
3527,0.1
3528,0.17
3529,0.15
3530,0.33
3531,0.41
3532,0.17
3533,0.08
3534,0.11
3535,0.2
3536,0.17
3537,0.06
3538,0.24
3539,0.33
3540,0.19
3541,0.11
3542,0.15
3543,0.21
3544,0.09
3545,0.22
3546,0.07
3547,0.11
3548,0.04
3549,0.18
3550,0.15
3551,0.31
3552,0.24
3553,0.09
3554,0.05
3555,0.12
3556,0.12
3557,0.07
3558,0.11
3559,0.17
3560,0.2
3561,0.04
3562,0.06
3563,0.04
3564,0.08
3565,0.12
3566,0.15
3567,0.17
3568,0.15
3569,0.07
3570,0.15
3571,0.13
3572,0.18
3573,0.07
3574,0.14
3575,0.13
3576,0.1
3577,0.11
3578,0.15
3579,0.06
3580,0.1
3581,0.06
3582,0.15
3583,0.1
3584,0.09
3585,0.06
3586,0.2
3587,0.08
3588,0.1
3589,0.19
3590,0.21
3591,0.09
3592,0.16
3593,0.11
3594,0.09
3595,0.03
3596,0.24
3597,0.05
3598,0.09
3599,0.14
3600,0.03
3601,0.12
3602,0.31
3603,0.09
3604,0.13
3605,0.17
3606,0.34
3607,0.15
3608,0.21
3609,0.34
3610,0.09
3611,0.08
3612,0.14
3613,0.12
3614,0.28
3615,0.25
3616,0.15
3617,0.14
3618,0.2
3619,0.11
3620,0.19
3621,0.1
3622,0.22
3623,0.08
3624,0.1
3625,0.16
3626,0.06
3627,0.18
3628,0.14
3629,0.12
3630,0.08
3631,0.2
3632,0.02
3633,0.06
3634,0.07
3635,0.2
3636,0.17
3637,0.13
3638,0.12
3639,0.15
3640,0.21
3641,0.15
3642,0.18
3643,0.17
3644,0.13
3645,0.09
3646,0.04
3647,0.09
3648,0.05
3649,0.06
3650,0.08
3651,0.14
3652,0.24
3653,0.1
3654,0.13
3655,0.31
3656,0.16
3657,0.19
3658,0.14
3659,0.24
3660,0.05
3661,0.19
3662,0.08
3663,0.2
3664,0.22
3665,0.13
3666,0.26
3667,0.16
3668,0.32
3669,0.07
3670,0.05
3671,0.15
3672,0.12
3673,0.21
3674,0.16
3675,0.06
3676,0.13
3677,0.12
3678,0.03
3679,0.25
3680,0.23
3681,0.09
3682,0.12
3683,0.08
3684,0.13
3685,0.05
3686,0.15
3687,0.15
3688,0.19
3689,0.18
3690,0.17
3691,0.15
3692,0.16
3693,0.07
3694,0.2
3695,0.07
3696,0.2
3697,0.11
3698,0.05
3699,0.1
3700,0.09
3701,0.15
3702,0.19
3703,0.07
3704,0.14
3705,0.18
3706,0.09
3707,0.17
3708,0.09
3709,0.05
3710,0.09
3711,0.14
3712,0.09
3713,0.05
3714,0.11
3715,0.06
3716,0.15
3717,0.18
3718,0.08
3719,0.04
3720,0.1
3721,0.13
3722,0.08
3723,0.03
3724,0.13
3725,0.2
3726,0.16
3727,0.06
3728,0.06
3729,0.17
3730,0.11
3731,0.25
3732,0.1
3733,0.14
3734,0.21
3735,0.07
3736,0.18
3737,0.09
3738,0.07
3739,0.19
3740,0.23
3741,0.02
3742,0.28
3743,0.23
3744,0.1
3745,0.23
3746,0.15
3747,0.18
3748,0.03
3749,0.25
3750,0.25
3751,0.2
3752,0.09
3753,0.25
3754,0.11
3755,0.15
3756,0.18
3757,0.13
3758,0.2
3759,0.05
3760,0.14
3761,0.13
3762,0.16
3763,0.28
3764,0.12
3765,0.13
3766,0.12
3767,0.06
3768,0.18
3769,0.22
3770,0.2
3771,0.22
3772,0.14
3773,0.13
3774,0.11
3775,0.18
3776,0.25
3777,0.1
3778,0.13
3779,0.14
3780,0.26
3781,0.37
3782,0.07
3783,0.08
3784,0.23
3785,0.07
3786,0.06
3787,0.17
3788,0.05
3789,0.09
3790,0.16
3791,0.12
3792,0.08
3793,0.07
3794,0.1
3795,0.15
3796,0.03
3797,0.15
3798,0.15
3799,0.18
3800,0.18
3801,0.23
3802,0.09
3803,0.21
3804,0.09
3805,0.18
3806,0.15
3807,0.21
3808,0.18
3809,0.31
3810,0.26
3811,0.01
3812,0.23
3813,0.15
3814,0.24
3815,0.23
3816,0.31
3817,0.08
3818,0.28
3819,0.33
3820,0.06
3821,0.14
3822,0.09
3823,0.08
3824,0.17
3825,0.09
3826,0.35
3827,0.13
3828,0.21
3829,0.08
3830,0.2
3831,0.1
3832,0.24
3833,0.13
3834,0.04
3835,0.09
3836,0.15
3837,0.39
3838,0.12
3839,0.08
3840,0.3
3841,0.07
3842,0.19
3843,0.1
3844,0.21
3845,0.2
3846,0.08
3847,0.2
3848,0.22
3849,0.07
3850,0.09
3851,0.23
3852,0.1
3853,0.1
3854,0.04
3855,0.13
3856,0.07
3857,0.07
3858,0.09
3859,0.11
3860,0.15
3861,0.13
3862,0.14
3863,0.12
3864,0.5
3865,0.12
3866,0.19
3867,0.11
3868,0.22
3869,0.18
3870,0.11
3871,0.11
3872,0.18
3873,0.11
3874,0.13
3875,0.24
3876,0.36
3877,0.19
3878,0.1
3879,0.26
3880,0.16
3881,0.14
3882,0.08
3883,0.16
3884,0.08
3885,0.23
3886,0.34
3887,0.05
3888,0.15
3889,0.17
3890,0.06
3891,0.09
3892,0.04
3893,0.15
3894,0.18
3895,0.09
3896,0.15
3897,0.27
3898,0.27
3899,0.14
3900,0.12
3901,0.26
3902,0.15
3903,0.04
3904,0.07
3905,0.09
3906,0.1
3907,0.11
3908,0.15
3909,0.09
3910,0.07
3911,0.17
3912,0.21
3913,0.11
3914,0.12
3915,0.1
3916,0.09
3917,0.13
3918,0.08
3919,0.11
3920,0.17
3921,0.27
3922,0.12
3923,0.18
3924,0.01
3925,0.23
3926,0.04
3927,0.13
3928,0.04
3929,0.14
3930,0.14
3931,0.14
3932,0.1
3933,0.1
3934,0.21
3935,0.08
3936,0.22
3937,0.27
3938,0.11
3939,0.23
3940,0.23
3941,0.27
3942,0.19
3943,0.09
3944,0.1
3945,0.27
3946,0.07
3947,0.07
3948,0.18
3949,0.36
3950,0.17
3951,0.11
3952,0.1
3953,0.11
3954,0.08
3955,0.29
3956,0.22
3957,0.11
3958,0.14
3959,0.16
3960,0.13
3961,0.11
3962,0.14
3963,0.13
3964,0.11
3965,0.1
3966,0.06
3967,0.29
3968,0.09
3969,0.16
3970,0.09
3971,0.14
3972,0.06
3973,0.03
3974,0.07
3975,0.1
3976,0.16
3977,0.13
3978,0.08
3979,0.24
3980,0.05
3981,0.01
3982,0.07
3983,0.15
3984,0.04
3985,0.19
3986,0.13
3987,0.06
3988,0.09
3989,0.04
3990,0.11
3991,0.15
3992,0.1
3993,0.16
3994,0.15
3995,0.11
3996,0.11
3997,0.22
3998,0.02
3999,0.02
4000,0.08
4001,0.1
4002,0.15
4003,0.06
4004,0.09
4005,0.07
4006,0.19
4007,0.07
4008,0.22
4009,0.1
4010,0.13
4011,0.11
4012,0.1
4013,0.12
4014,0.13
4015,0.14
4016,0.22
4017,0.18
4018,0.19
4019,0.07
4020,0.13
4021,0.07
4022,0.3
4023,0.15
4024,0.23
4025,0.22
4026,0.07
4027,0.04
4028,0.11
4029,0.19
4030,0.1
4031,0.12
4032,0.09
4033,0.14
4034,0.15
4035,0.18
4036,0.13
4037,0.15
4038,0.27
4039,0.09
4040,0.24
4041,0.13
4042,0.13
4043,0.11
4044,0.17
4045,0.08
4046,0.12
4047,0.17
4048,0.18
4049,0.33
4050,0.23
4051,0.1
4052,0.24
4053,0.14
4054,0.23
4055,0.29
4056,0.11
4057,0.17
4058,0.14
4059,0.2
4060,0.29
4061,0.13
4062,0.23
4063,0.25
4064,0.11
4065,0.12
4066,0.13
4067,0.15
4068,0.17
4069,0.04
4070,0.14
4071,0.17
4072,0.12
4073,0.14
4074,0.08
4075,0.11
4076,0.11
4077,0.14
4078,0.28
4079,0.14
4080,0.09
4081,0.17
4082,0.07
4083,0.16
4084,0.23
4085,0.13
4086,0.17
4087,0.22
4088,0.11
4089,0.24
4090,0.14
4091,0.09
4092,0.07
4093,0.15
4094,0.08
4095,0.16
4096,0.1
4097,0.13
4098,0.12
4099,0.1
4100,0.14
4101,0.06
4102,0.04
4103,0.14
4104,0.13
4105,0.17
4106,0.16
4107,0.13
4108,0.25
4109,0.11
4110,0.17
4111,0.17
4112,0.11
4113,0.11
4114,0.16
4115,0.23
4116,0.14
4117,0.22
4118,0.16
4119,0.14
4120,0.22
4121,0.13
4122,0.13
4123,0.08
4124,0.17
4125,0.09
4126,0.17
4127,0.11
4128,0.05
4129,0.05
4130,0.2
4131,0.14
4132,0.08
4133,0.09
4134,0.13
4135,0.08
4136,0.16
4137,0.04
4138,0.2
4139,0.13
4140,0.12
4141,0.07
4142,0.15
4143,0.16
4144,0.28
4145,0.04
4146,0.05
4147,0.14
4148,0.06
4149,0.11
4150,0.12
4151,0.15
4152,0.11
4153,0.08
4154,0.12
4155,0.15
4156,0.15
4157,0.24
4158,0.14
4159,0.13
4160,0.15
4161,0.1
4162,0.09
4163,0.27
4164,0.18
4165,0.23
4166,0.09
4167,0.09
4168,0.18
4169,0.15
4170,0.17
4171,0.18
4172,0.31
4173,0.14
4174,0.11
4175,0.17
4176,0.23
4177,0.13
4178,0.24
4179,0.11
4180,0.16
4181,0.16
4182,0.16
4183,0.11
4184,0.07
4185,0.13
4186,0.18
4187,0.06
4188,0.16
4189,0.13
4190,0.12
4191,0.23
4192,0.16
4193,0.17
4194,0.1
4195,0.16
4196,0.14
4197,0.09
4198,0.14
4199,0.15
4200,0.09
4201,0.2
4202,0.22
4203,0.17
4204,0.2
4205,0.17
4206,0.21
4207,0.07
4208,0.25
4209,0.19
4210,0.15
4211,0.18
4212,0.11
4213,0.26
4214,0.14
4215,0.23
4216,0.09
4217,0.09
4218,0.16
4219,0.22
4220,0.18
4221,0.12
4222,0.13
4223,0.09
4224,0.17
4225,0.29
4226,0.06
4227,0.11
4228,0.07
4229,0.09
4230,0.11
4231,0.05
4232,0.05
4233,0.13
4234,0.17
4235,0.2
4236,0.11
4237,0.13
4238,0.1
4239,0.08
4240,0.32
4241,0.05
4242,0.18
4243,0.15
4244,0.15
4245,0.13
4246,0.26
4247,0.13
4248,0.12
4249,0.03
4250,0.11
4251,0.16
4252,0.18
4253,0.18
4254,0.1
4255,0.1
4256,0.11
4257,0.11
4258,0.09
4259,0.22
4260,0.1
4261,0.12
4262,0.05
4263,0.14
4264,0.14
4265,0.4
4266,0.15
4267,0.07
4268,0.24
4269,0.21
4270,0.03
4271,0.02
4272,0.1
4273,0.1
4274,0.15
4275,0.13
4276,0.13
4277,0.11
4278,0.12
4279,0.18
4280,0.14
4281,0.31
4282,0.09
4283,0.04
4284,0.13
4285,0.19
4286,0.12
4287,0.17
4288,0.12
4289,0.28
4290,0.13
4291,0.22
4292,0.1
4293,0.17
4294,0.36
4295,0.11
4296,0.08
4297,0.23
4298,0.12
4299,0.16
4300,0.17
4301,0.07
4302,0.11
4303,0.2
4304,0.13
4305,0.08
4306,0.12
4307,0.1
4308,0.31
4309,0.1
4310,0.11
4311,0.15
4312,0.24
4313,0.36
4314,0.31
4315,0.16
4316,0.25
4317,0.2
4318,0.21
4319,0.13
4320,0.26
4321,0.1
4322,0.18
4323,0.14
4324,0.14
4325,0.06
4326,0.27
4327,0.28
4328,0.08
4329,0.3
4330,0.08
4331,0.18
4332,0.17
4333,0.16
4334,0.14
4335,0.13
4336,0.08
4337,0.04
4338,0.04
4339,0.18
4340,0.1
4341,0.24
4342,0.2
4343,0.08
4344,0.16
4345,0.1
4346,0.1
4347,0.11
4348,0.12
4349,0.05
4350,0.13
4351,0.24
4352,0.23
4353,0.13
4354,0.21
4355,0.09
4356,0.17
4357,0.12
4358,0.05
4359,0.18
4360,0.03
4361,0.18
4362,0.07
4363,0.12
4364,0.17
4365,0.05
4366,0.08
4367,0.23
4368,0.28
4369,0.23
4370,0.01
4371,0.11
4372,0.19
4373,0.07
4374,0.08
4375,0.05
4376,0.21
4377,0.2
4378,0.08
4379,0.32
4380,0.02
4381,0.18
4382,0.18
4383,0.1
4384,0.06
4385,0.28
4386,0.21
4387,0.06
4388,0.14
4389,0.26
4390,0.1
4391,0.14
4392,0.09
4393,0.14
4394,0.16
4395,0.19
4396,0.13
4397,0.06
4398,0.17
4399,0.1
4400,0.12
4401,0.08
4402,0.07
4403,0.22
4404,0.21
4405,0.05
4406,0.08
4407,0.11
4408,0.13
4409,0.1
4410,0.09
4411,0.14
4412,0.02
4413,0.25
4414,0.09
4415,0.13
4416,0.17
4417,0.11
4418,0.1
4419,0.13
4420,0.08
4421,0.14
4422,0.24
4423,0.13
4424,0.09
4425,0.2
4426,0.08
4427,0.18
4428,0.17
4429,0.15
4430,0.17
4431,0.23
4432,0.15
4433,0.01
4434,0.14
4435,0.27
4436,0.13
4437,0.08
4438,0.1
4439,0.09
4440,0.06
4441,0.09
4442,0.32
4443,0.11
4444,0.17
4445,0.16
4446,0.09
4447,0.17
4448,0.08
4449,0.09
4450,0.12
4451,0.13
4452,0.13
4453,0.12
4454,0.08
4455,0.17
4456,0.1
4457,0.3
4458,0.16
4459,0.11
4460,0.12
4461,0.14
4462,0.4
4463,0.32
4464,0.13
4465,0.11
4466,0.08
4467,0.05
4468,0.16
4469,0.25
4470,0.13
4471,0.15
4472,0.08
4473,0.16
4474,0.16
4475,0.17
4476,0.08
4477,0.1
4478,0.12
4479,0.07
4480,0.16
4481,0.22
4482,0.11
4483,0.08
4484,0.17
4485,0.3
4486,0.09
4487,0.17
4488,0.12
4489,0.19
4490,0.32
4491,0.13
4492,0.11
4493,0.1
4494,0.05
4495,0.19
4496,0.09
4497,0.27
4498,0.16
4499,0.23
4500,0.11
4501,0.14
4502,0.2
4503,0.21
4504,0.16
4505,0.16
4506,0.11
4507,0.1
4508,0.24
4509,0.16
4510,0.25
4511,0.1
4512,0.41
4513,0.11
4514,0.1
4515,0.09
4516,0.14
4517,0.32
4518,0.18
4519,0.09
4520,0.09
4521,0.14
4522,0.24
4523,0.14
4524,0.15
4525,0.18
4526,0.11
4527,0.21
4528,0.11
4529,0.07
4530,0.01
4531,0.28
4532,0.15
4533,0.17
4534,0.04
4535,0.04
4536,0.17
4537,0.18
4538,0.09
4539,0.2
4540,0.2
4541,0.04
4542,0.2
4543,0.07
4544,0.19
4545,0.08
4546,0.07
4547,0.09
4548,0.22
4549,0.2
4550,0.13
4551,0.11
4552,0.18
4553,0.03
4554,0.17
4555,0.07
4556,0.17
4557,0.05
4558,0.37
4559,0.26
4560,0.07
4561,0.12
4562,0.09
4563,0.26
4564,0.1
4565,0.12
4566,0.11
4567,0.14
4568,0.08
4569,0.08
4570,0.05
4571,0.24
4572,0.09
4573,0.05
4574,0.1
4575,0.19
4576,0.16
4577,0.04
4578,0.28
4579,0.1
4580,0.18
4581,0.17
4582,0.07
4583,0.27
4584,0.2
4585,0.28
4586,0.2
4587,0.04
4588,0.12
4589,0.21
4590,0.15
4591,0.15
4592,0.11
4593,0.18
4594,0.15
4595,0.18
4596,0.09
4597,0.08
4598,0.28
4599,0.2
4600,0.13
4601,0.12
4602,0.11
4603,0.09
4604,0.12
4605,0.18
4606,0.22
4607,0.06
4608,0.27
4609,0.27
4610,0.14
4611,0.19
4612,0.2
4613,0.36
4614,0.07
4615,0.2
4616,0.2
4617,0.13
4618,0.11
4619,0.22
4620,0.33
4621,0.25
4622,0.14
4623,0.04
4624,0.13
4625,0.13
4626,0.14
4627,0.08
4628,0.09
4629,0.08
4630,0.18
4631,0.33
4632,0.05
4633,0.2
4634,0.17
4635,0.1
4636,0.06
4637,0.14
4638,0.17
4639,0.19
4640,0.04
4641,0.36
4642,0.05
4643,0.12
4644,0.08
4645,0.12
4646,0.14
4647,0.24
4648,0.15
4649,0.22
4650,0.08
4651,0.15
4652,0.12
4653,0.06
4654,0.17
4655,0.18
4656,0.17
4657,0.11
4658,0.21
4659,0.14
4660,0.03
4661,0.18
4662,0.18
4663,0.28
4664,0.12
4665,0.18
4666,0.11
4667,0.16
4668,0.1
4669,0.17
4670,0.25
4671,0.24
4672,0.05
4673,0.22
4674,0.08
4675,0.16
4676,0.18
4677,0.06
4678,0.15
4679,0.16
4680,0.11
4681,0.15
4682,0.12
4683,0.13
4684,0.12
4685,0.07
4686,0.21
4687,0.14
4688,0.22
4689,0.14
4690,0.07
4691,0.16
4692,0.09
4693,0.14
4694,0.07
4695,0.12
4696,0.14
4697,0.23
4698,0.2
4699,0.24
4700,0.05
4701,0.17
4702,0.05
4703,0.12
4704,0.15
4705,0.25
4706,0.09
4707,0.08
4708,0.11
4709,0.09
4710,0.16
4711,0.04
4712,0.38
4713,0.12
4714,0.07
4715,0.09
4716,0.08
4717,0.14
4718,0.13
4719,0.04
4720,0.1
4721,0.13
4722,0.08
4723,0.27
4724,0.15
4725,0.21
4726,0.07
4727,0.11
4728,0.08
4729,0.13
4730,0.19
4731,0.12
4732,0.06
4733,0.19
4734,0.26
4735,0.31
4736,0.09
4737,0.2
4738,0.08
4739,0.29
4740,0.34
4741,0.2
4742,0.41
4743,0.18
4744,0.35
4745,0.21
4746,0.08
4747,0.14
4748,0.14
4749,0.15
4750,0.07
4751,0.25
4752,0.15
4753,0.14
4754,0.13
4755,0.08
4756,0.04
4757,0.13
4758,0.09
4759,0.15
4760,0.15
4761,0.15
4762,0.23
4763,0.14
4764,0.06
4765,0.06
4766,0.06
4767,0.08
4768,0.16
4769,0.16
4770,0.1
4771,0.07
4772,0.21
4773,0.19
4774,0.17
4775,0.14
4776,0.27
4777,0.06
4778,0.04
4779,0.11
4780,0.19
4781,0.07
4782,0.11
4783,0.1
4784,0.11
4785,0.12
4786,0.13
4787,0.13
4788,0.16
4789,0.08
4790,0.05
4791,0.02
4792,0.04
4793,0.13
4794,0.18
4795,0.14
4796,0.09
4797,0.17
4798,0.17
4799,0.13
4800,0.18
4801,0.17
4802,0.21
4803,0.2
4804,0.18
4805,0.2
4806,0.12
4807,0.23
4808,0.1
4809,0.08
4810,0.08
4811,0.05
4812,0.24
4813,0.25
4814,0.08
4815,0.09
4816,0.14
4817,0.12
4818,0.08
4819,0.06
4820,0.11
4821,0.18
4822,0.04
4823,0.18
4824,0.14
4825,0.11
4826,0.1
4827,0.11
4828,0.1
4829,0.16
4830,0.11
4831,0.08
4832,0.13
4833,0.19
4834,0.18
4835,0.18
4836,0.17
4837,0.07
4838,0.14
4839,0.1
4840,0.09
4841,0.12
4842,0.0
4843,0.12
4844,0.11
4845,0.13
4846,0.08
4847,0.1
4848,0.13
4849,0.16
4850,0.11
4851,0.09
4852,0.13
4853,0.12
4854,0.08
4855,0.11
4856,0.16
4857,0.14
4858,0.1
4859,0.26
4860,0.12
4861,0.07
4862,0.15
4863,0.01
4864,0.15
4865,0.12
4866,0.23
4867,0.06
4868,0.13
4869,0.15
4870,0.09
4871,0.22
4872,0.1
4873,0.05
4874,0.1
4875,0.11
4876,0.35
4877,0.3
4878,0.19
4879,0.16
4880,0.1
4881,0.14
4882,0.23
4883,0.13
4884,0.16
4885,0.12
4886,0.21
4887,0.19
4888,0.07
4889,0.05
4890,0.13
4891,0.1
4892,0.17
4893,0.29
4894,0.21
4895,0.18
4896,0.21
4897,0.13
4898,0.12
4899,0.17
4900,0.09
4901,0.1
4902,0.26
4903,0.09
4904,0.22
4905,0.11
4906,0.1
4907,0.1
4908,0.14
4909,0.04
4910,0.09
4911,0.12
4912,0.23
4913,0.18
4914,0.09
4915,0.2
4916,0.16
4917,0.15
4918,0.21
4919,0.12
4920,0.18
4921,0.14
4922,0.14
4923,0.26
4924,0.12
4925,0.08
4926,0.15
4927,0.09
4928,0.1
4929,0.03
4930,0.14
4931,0.2
4932,0.02
4933,0.11
4934,0.18
4935,0.11
4936,0.14
4937,0.24
4938,0.09
4939,0.12
4940,0.3
4941,0.1
4942,0.11
4943,0.06
4944,0.08
4945,0.15
4946,0.16
4947,0.19
4948,0.13
4949,0.09
4950,0.19
4951,0.23
4952,0.16
4953,0.09
4954,0.1
4955,0.1
4956,0.24
4957,0.05
4958,0.04
4959,0.17
4960,0.05
4961,0.17
4962,0.19
4963,0.07
4964,0.13
4965,0.16
4966,0.18
4967,0.2
4968,0.18
4969,0.14
4970,0.13
4971,0.07
4972,0.15
4973,0.08
4974,0.12
4975,0.15
4976,0.07
4977,0.14
4978,0.09
4979,0.14
4980,0.12
4981,0.08
4982,0.15
4983,0.05
4984,0.13
4985,0.07
4986,0.17
4987,0.05
4988,0.22
4989,0.22
4990,0.22
4991,0.24
4992,0.12
4993,0.27
4994,0.33
4995,0.2
4996,0.11
4997,0.06
4998,0.1
4999,0.22
5000,0.14
5001,0.1
5002,0.02
5003,0.1
5004,0.11
5005,0.02
5006,0.07
5007,0.1
5008,0.09
5009,0.08
5010,0.36
5011,0.17
5012,0.17
5013,0.07
5014,0.14
5015,0.31
5016,0.09
5017,0.2
5018,0.16
5019,0.18
5020,0.06
5021,0.04
5022,0.14
5023,0.15
5024,0.02
5025,0.11
5026,0.08
5027,0.13
5028,0.11
5029,0.12
5030,0.14
5031,0.08
5032,0.07
5033,0.17
5034,0.12
5035,0.29
5036,0.25
5037,0.17
5038,0.16
5039,0.09
5040,0.21
5041,0.16
5042,0.29
5043,0.2
5044,0.25
5045,0.2
5046,0.18
5047,0.27
5048,0.17
5049,0.2
5050,0.09
5051,0.06
5052,0.12
5053,0.23
5054,0.2
5055,0.03
5056,0.13
5057,0.15
5058,0.2
5059,0.05
5060,0.21
5061,0.1
5062,0.05
5063,0.15
5064,0.12
5065,0.18
5066,0.11
5067,0.19
5068,0.22
5069,0.17
5070,0.1
5071,0.23
5072,0.18
5073,0.11
5074,0.1
5075,0.16
5076,0.1
5077,0.17
5078,0.18
5079,0.11
5080,0.17
5081,0.13
5082,0.28
5083,0.13
5084,0.32
5085,0.15
5086,0.09
5087,0.1
5088,0.19
5089,0.09
5090,0.12
5091,0.11
5092,0.07
5093,0.14
5094,0.19
5095,0.14
5096,0.16
5097,0.12
5098,0.11
5099,0.09
5100,0.08
5101,0.14
5102,0.11
5103,0.21
5104,0.17
5105,0.19
5106,0.07
5107,0.17
5108,0.13
5109,0.23
5110,0.11
5111,0.07
5112,0.15
5113,0.03
5114,0.29
5115,0.09
5116,0.15
5117,0.07
5118,0.15
5119,0.16
5120,0.08
5121,0.12
5122,0.11
5123,0.09
5124,0.1
5125,0.13
5126,0.07
5127,0.18
5128,0.42
5129,0.21
5130,0.11
5131,0.24
5132,0.37
5133,0.04
5134,0.14
5135,0.18
5136,0.32
5137,0.13
5138,0.07
5139,0.29
5140,0.14
5141,0.23
5142,0.13
5143,0.19
5144,0.16
5145,0.09
5146,0.2
5147,0.09
5148,0.12
5149,0.31
5150,0.29
5151,0.16
5152,0.13
5153,0.19
5154,0.18
5155,0.25
5156,0.07
5157,0.08
5158,0.13
5159,0.09
5160,0.12
5161,0.1
5162,0.04
5163,0.06
5164,0.2
5165,0.11
5166,0.07
5167,0.12
5168,0.19
5169,0.25
5170,0.11
5171,0.12
5172,0.25
5173,0.17
5174,0.16
5175,0.14
5176,0.32
5177,0.12
5178,0.22
5179,0.12
5180,0.16
5181,0.19
5182,0.11
5183,0.13
5184,0.19
5185,0.05
5186,0.08
5187,0.12
5188,0.16
5189,0.18
5190,0.19
5191,0.13
5192,0.2
5193,0.14
5194,0.33
5195,0.17
5196,0.09
5197,0.14
5198,0.14
5199,0.14
5200,0.06
5201,0.13
5202,0.08
5203,0.13
5204,0.24
5205,0.2
5206,0.03
5207,0.33
5208,0.07
5209,0.14
5210,0.16
5211,0.1
5212,0.07
5213,0.24
5214,0.21
5215,0.05
5216,0.37
5217,0.3
5218,0.07
5219,0.34
5220,0.12
5221,0.1
5222,0.16
5223,0.12
5224,0.1
5225,0.23
5226,0.12
5227,0.24
5228,0.21
5229,0.11
5230,0.22
5231,0.15
5232,0.45
5233,0.14
5234,0.2
5235,0.09
5236,0.17
5237,0.08
5238,0.2
5239,0.1
5240,0.03
5241,0.1
5242,0.24
5243,0.15
5244,0.06
5245,0.17
5246,0.22
5247,0.18
5248,0.14
5249,0.1
5250,0.08
5251,0.12
5252,0.05
5253,0.12
5254,0.07
5255,0.22
5256,0.2
5257,0.33
5258,0.21
5259,0.19
5260,0.12
5261,0.13
5262,0.1
5263,0.08
5264,0.24
5265,0.08
5266,0.24
5267,0.09
5268,0.07
5269,0.12
5270,0.22
5271,0.11
5272,0.16
5273,0.36
5274,0.14
5275,0.15
5276,0.07
5277,0.07
5278,0.27
5279,0.2
5280,0.08
5281,0.23
5282,0.18
5283,0.08
5284,0.13
5285,0.05
5286,0.31
5287,0.08
5288,0.23
5289,0.13
5290,0.17
5291,0.13
5292,0.13
5293,0.23
5294,0.02
5295,0.16
5296,0.15
5297,0.16
5298,0.09
5299,0.21
5300,0.15
5301,0.25
5302,0.09
5303,0.25
5304,0.12
5305,0.22
5306,0.15
5307,0.27
5308,0.15
5309,0.17
5310,0.07
5311,0.02
5312,0.07
5313,0.12
5314,0.24
5315,0.17
5316,0.1
5317,0.31
5318,0.12
5319,0.07
5320,0.16
5321,0.12
5322,0.08
5323,0.12
5324,0.13
5325,0.2
5326,0.12
5327,0.08
5328,0.2
5329,0.19
5330,0.18
5331,0.1
5332,0.09
5333,0.13
5334,0.13
5335,0.1
5336,0.1
5337,0.12
5338,0.02
5339,0.29
5340,0.12
5341,0.2
5342,0.06
5343,0.06
5344,0.18
5345,0.3
5346,0.12
5347,0.11
5348,0.07
5349,0.16
5350,0.16
5351,0.19
5352,0.11
5353,0.1
5354,0.18
5355,0.17
5356,0.13
5357,0.03
5358,0.26
5359,0.07
5360,0.14
5361,0.15
5362,0.11
5363,0.09
5364,0.15
5365,0.17
5366,0.11
5367,0.14
5368,0.21
5369,0.15
5370,0.18
5371,0.17
5372,0.07
5373,0.22
5374,0.24
5375,0.16
5376,0.13
5377,0.2
5378,0.21
5379,0.09
5380,0.04
5381,0.14
5382,0.1
5383,0.11
5384,0.06
5385,0.05
5386,0.1
5387,0.06
5388,0.11
5389,0.14
5390,0.05
5391,0.07
5392,0.2
5393,0.07
5394,0.08
5395,0.09
5396,0.13
5397,0.16
5398,0.09
5399,0.08
5400,0.13
5401,0.05
5402,0.13
5403,0.06
5404,0.1
5405,0.12
5406,0.12
5407,0.14
5408,0.09
5409,0.08
5410,0.16
5411,0.14
5412,0.05
5413,0.12
5414,0.14
5415,0.2
5416,0.19
5417,0.11
5418,0.08
5419,0.25
5420,0.12
5421,0.06
5422,0.12
5423,0.19
5424,0.25
5425,0.09
5426,0.19
5427,0.08
5428,0.08
5429,0.14
5430,0.19
5431,0.19
5432,0.07
5433,0.17
5434,0.11
5435,0.11
5436,0.09
5437,0.06
5438,0.12
5439,0.1
5440,0.08
5441,0.18
5442,0.03
5443,0.06
5444,0.18
5445,0.11
5446,0.1
5447,0.25
5448,0.14
5449,0.24
5450,0.05
5451,0.1
5452,0.11
5453,0.16
5454,0.18
5455,0.09
5456,0.13
5457,0.15
5458,0.17
5459,0.2
5460,0.21
5461,0.09
5462,0.23
5463,0.1
5464,0.16
5465,0.16
5466,0.23
5467,0.2
5468,0.28
5469,0.1
5470,0.06
5471,0.23
5472,0.32
5473,0.14
5474,0.2
5475,0.28
5476,0.2
5477,0.15
5478,0.23
5479,0.11
5480,0.13
5481,0.11
5482,0.11
5483,0.31
5484,0.14
5485,0.1
5486,0.27
5487,0.24
5488,0.14
5489,0.13
5490,0.21
5491,0.19
5492,0.33
5493,0.11
5494,0.24
5495,0.31
5496,0.11
5497,0.14
5498,0.13
5499,0.17
5500,0.2
5501,0.26
5502,0.15
5503,0.13
5504,0.08
5505,0.08
5506,0.1
5507,0.24
5508,0.16
5509,0.2
5510,0.18
5511,0.2
5512,0.11
5513,0.19
5514,0.09
5515,0.19
5516,0.17
5517,0.21
5518,0.12
5519,0.21
5520,0.08
5521,0.14
5522,0.05
5523,0.1
5524,0.12
5525,0.09
5526,0.17
5527,0.21
5528,0.11
5529,0.12
5530,0.07
5531,0.03
5532,0.09
5533,0.15
5534,0.18
5535,0.16
5536,0.04
5537,0.04
5538,0.12
5539,0.08
5540,0.05
5541,0.15
5542,0.07
5543,0.15
5544,0.12
5545,0.09
5546,0.16
5547,0.14
5548,0.14
5549,0.2
5550,0.11
5551,0.14
5552,0.13
5553,0.35
5554,0.07
5555,0.35
5556,0.07
5557,0.07
5558,0.14
5559,0.08
5560,0.22
5561,0.16
5562,0.16
5563,0.16
5564,0.23
5565,0.24
5566,0.17
5567,0.09
5568,0.19
5569,0.17
5570,0.14
5571,0.24
5572,0.1
5573,0.16
5574,0.16
5575,0.16
5576,0.13
5577,0.16
5578,0.19
5579,0.06
5580,0.17
5581,0.09
5582,0.05
5583,0.07
5584,0.15
5585,0.18
5586,0.16
5587,0.24
5588,0.19
5589,0.19
5590,0.1
5591,0.1
5592,0.06
5593,0.09
5594,0.15
5595,0.16
5596,0.12
5597,0.16
5598,0.09
5599,0.14
5600,0.16
5601,0.08
5602,0.13
5603,0.05
5604,0.1
5605,0.27
5606,0.14
5607,0.17
5608,0.06
5609,0.18
5610,0.0
5611,0.1
5612,0.17
5613,0.09
5614,0.28
5615,0.1
5616,0.11
5617,0.18
5618,0.28
5619,0.04
5620,0.12
5621,0.22
5622,0.24
5623,0.11
5624,0.09
5625,0.15
5626,0.17
5627,0.09
5628,0.27
5629,0.21
5630,0.2
5631,0.11
5632,0.09
5633,0.11
5634,0.18
5635,0.07
5636,0.1
5637,0.07
5638,0.1
5639,0.07
5640,0.17
5641,0.15
5642,0.13
5643,0.11
5644,0.1
5645,0.2
5646,0.24
5647,0.09
5648,0.12
5649,0.06
5650,0.12
5651,0.11
5652,0.21
5653,0.34
5654,0.13
5655,0.19
5656,0.2
5657,0.23
5658,0.13
5659,0.11
5660,0.11
5661,0.19
5662,0.14
5663,0.2
5664,0.08
5665,0.1
5666,0.15
5667,0.11
5668,0.12
5669,0.09
5670,0.13
5671,0.26
5672,0.23
5673,0.14
5674,0.15
5675,0.13
5676,0.15
5677,0.07
5678,0.12
5679,0.12
5680,0.17
5681,0.14
5682,0.06
5683,0.28
5684,0.09
5685,0.06
5686,0.05
5687,0.08
5688,0.26
5689,0.28
5690,0.21
5691,0.17
5692,0.04
5693,0.05
5694,0.21
5695,0.1
5696,0.25
5697,0.09
5698,0.08
5699,0.1
5700,0.17
5701,0.29
5702,0.2
5703,0.13
5704,0.17
5705,0.27
5706,0.14
5707,0.1
5708,0.19
5709,0.11
5710,0.15
5711,0.11
5712,0.02
5713,0.1
5714,0.18
5715,0.17
5716,0.11
5717,0.12
5718,0.08
5719,0.18
5720,0.25
5721,0.23
5722,0.17
5723,0.07
5724,0.09
5725,0.15
5726,0.14
5727,0.17
5728,0.11
5729,0.22
5730,0.07
5731,0.17
5732,0.17
5733,0.18
5734,0.09
5735,0.2
5736,0.15
5737,0.25
5738,0.05
5739,0.21
5740,0.04
5741,0.04
5742,0.29
5743,0.21
5744,0.19
5745,0.15
5746,0.04
5747,0.2
5748,0.13
5749,0.14
5750,0.0
5751,0.11
5752,0.05
5753,0.12
5754,0.07
5755,0.27
5756,0.16
5757,0.09
5758,0.09
5759,0.05
5760,0.07
5761,0.27
5762,0.15
5763,0.07
5764,0.09
5765,0.24
5766,0.14
5767,0.21
5768,0.09
5769,0.12
5770,0.1
5771,0.08
5772,0.21
5773,0.2
5774,0.23
5775,0.16
5776,0.25
5777,0.11
5778,0.08
5779,0.15
5780,0.14
5781,0.16
5782,0.04
5783,0.1
5784,0.09
5785,0.14
5786,0.1
5787,0.13
5788,0.04
5789,0.18
5790,0.15
5791,0.13
5792,0.19
5793,0.19
5794,0.06
5795,0.02
5796,0.11
5797,0.15
5798,0.16
5799,0.19
5800,0.07
5801,0.25
5802,0.11
5803,0.19
5804,0.2
5805,0.14
5806,0.1
5807,0.17
5808,0.16
5809,0.18
5810,0.23
5811,0.06
5812,0.38
5813,0.1
5814,0.21
5815,0.16
5816,0.06
5817,0.24
5818,0.18
5819,0.06
5820,0.07
5821,0.12
5822,0.09
5823,0.16
5824,0.08
5825,0.16
5826,0.12
5827,0.1
5828,0.13
5829,0.08
5830,0.19
5831,0.13
5832,0.17
5833,0.07
5834,0.16
5835,0.25
5836,0.1
5837,0.07
5838,0.16
5839,0.05
5840,0.25
5841,0.25
5842,0.06
5843,0.16
5844,0.14
5845,0.37
5846,0.31
5847,0.16
5848,0.3
5849,0.2
5850,0.1
5851,0.15
5852,0.05
5853,0.14
5854,0.36
5855,0.12
5856,0.36
5857,0.15
5858,0.2
5859,0.05
5860,0.27
5861,0.07
5862,0.09
5863,0.14
5864,0.19
5865,0.07
5866,0.2
5867,0.09
5868,0.16
5869,0.07
5870,0.41
5871,0.18
5872,0.21
5873,0.28
5874,0.16
5875,0.12
5876,0.11
5877,0.09
5878,0.17
5879,0.26
5880,0.16
5881,0.16
5882,0.24
5883,0.09
5884,0.26
5885,0.15
5886,0.17
5887,0.24
5888,0.21
5889,0.1
5890,0.13
5891,0.16
5892,0.23
5893,0.22
5894,0.21
5895,0.1
5896,0.18
5897,0.16
5898,0.16
5899,0.12
5900,0.11
5901,0.05
5902,0.12
5903,0.16
5904,0.09
5905,0.14
5906,0.07
5907,0.12
5908,0.21
5909,0.08
5910,0.13
5911,0.21
5912,0.17
5913,0.03
5914,0.1
5915,0.15
5916,0.07
5917,0.05
5918,0.13
5919,0.19
5920,0.24
5921,0.19
5922,0.13
5923,0.21
5924,0.16
5925,0.31
5926,0.2
5927,0.1
5928,0.11
5929,0.11
5930,0.24
5931,0.06
5932,0.18
5933,0.31
5934,0.18
5935,0.11
5936,0.09
5937,0.16
5938,0.13
5939,0.07
5940,0.07
5941,0.17
5942,0.11
5943,0.24
5944,0.05
5945,0.13
5946,0.17
5947,0.25
5948,0.09
5949,0.14
5950,0.05
5951,0.05
5952,0.09
5953,0.14
5954,0.13
5955,0.13
5956,0.17
5957,0.16
5958,0.13
5959,0.18
5960,0.12
5961,0.11
5962,0.12
5963,0.2
5964,0.08
5965,0.09
5966,0.19
5967,0.13
5968,0.21
5969,0.15
5970,0.05
5971,0.07
5972,0.07
5973,0.2
5974,0.17
5975,0.26
5976,0.1
5977,0.29
5978,0.08
5979,0.13
5980,0.12
5981,0.24
5982,0.18
5983,0.13
5984,0.05
5985,0.08
5986,0.13
5987,0.13
5988,0.05
5989,0.05
5990,0.09
5991,0.24
5992,0.36
5993,0.17
5994,0.15
5995,0.13
5996,0.1
5997,0.21
5998,0.19
5999,0.08
